<?xml version="1.0" encoding="UTF-8"?>
<project>
	<name>NeuronSAServiceDroneCamRobotSample</name>
	<description>
		Desenvolvimento de um conjunto de serviços que comporá a aplicação de um drone.
		Serviço tais detectar fogo o drone investigar o local apontar a camera para o fogo e acioar os robos para apagar as chamas.
		Serviço tais como detectar o barulho de passos o drone investigar o local, focar no rosto do bandido e acinar o dono.
		Serviço tais como o drone detectar sujeira e drone acionar os robôs para fazer a limpeza.
	</description>
	<version>0.0.1-SNAPSHOT</version>
	<connection-url>amqp://guest:guest@localhost</connection-url>
	<datasource-url>localhost:28015</datasource-url>
	<smart-home>
		<situations-aware>
			<sa>
				<name>AtPositionSituation</name>
				<description>Detecta quando o robô alcança uma certa coordenada</description>
				<defines>
					<package-name>
						br.ufes.neurons.service.sample			
					</package-name>
					<f1>
						<Robot>
							<pose>
								<position>
									2.0
								</position>
							</pose>
						</Robot>
					</f1>
				</defines>				
			</sa>
		</situations-aware>	
	</smart-home>
</project>